,Name,Session Number,Person Number,Start Frame
0,01_1,01,1,1756
1,01_1,01,1,3890
2,01_1,01,1,5771
3,01_1,01,1,7537
4,01_1,01,1,8477
5,01_1,01,1,10113
6,01_1,01,1,10578
7,01_1,01,1,11043
8,01_1,01,1,11508
9,01_1,01,1,11973
10,01_1,01,1,12438
11,01_1,01,1,12903
12,01_1,01,1,13368
13,01_1,01,1,13833
14,01_1,01,1,19504
15,01_1,01,1,19969
16,01_1,01,1,22187
17,01_1,01,1,23148
18,01_1,01,1,24813
19,01_1,01,1,26688
20,01_1,01,1,27153
21,01_1,01,1,28672
22,01_1,01,1,32224
23,01_1,01,1,32689
24,01_1,01,1,34441
25,01_1,01,1,36556
26,01_1,01,1,37021
27,01_1,01,1,37486
28,01_1,01,1,37951
29,01_1,01,1,38416
30,01_1,01,1,41389
31,01_1,01,1,41854
32,01_1,01,1,42319
33,01_1,01,1,44789
34,01_1,01,1,45254
35,01_1,01,1,45719
36,01_1,01,1,46184
37,01_1,01,1,50024
38,01_1,01,1,50489
39,01_1,01,1,51996
40,01_1,01,1,52461
41,01_1,01,1,52926
42,01_1,01,1,55482
43,01_1,01,1,56702
44,01_1,01,1,58517
45,01_1,01,1,58982
46,01_1,01,1,61259
47,01_1,01,1,61724
48,01_1,01,1,63206
49,01_1,01,1,63671
50,01_1,01,1,64136
51,01_1,01,1,64601
52,01_2,01,2,3718
53,01_2,01,2,6094
54,01_2,01,2,9556
55,01_2,01,2,12129
56,01_2,01,2,13816
57,01_2,01,2,17176
58,01_2,01,2,17641
59,01_2,01,2,21453
60,01_2,01,2,21918
61,01_2,01,2,22383
62,01_2,01,2,22848
63,01_2,01,2,25551
64,01_2,01,2,26016
65,01_2,01,2,27759
66,01_2,01,2,28224
67,01_2,01,2,28689
68,01_2,01,2,32080
69,01_2,01,2,33102
70,01_2,01,2,33567
71,01_2,01,2,35976
72,01_2,01,2,37094
73,01_2,01,2,38631
74,01_2,01,2,41149
75,01_2,01,2,43083
76,01_2,01,2,43548
77,01_2,01,2,45493
78,01_2,01,2,45958
79,01_2,01,2,48001
80,01_2,01,2,49587
81,01_2,01,2,50602
82,01_2,01,2,53310
83,01_2,01,2,53775
84,01_2,01,2,54240
85,01_2,01,2,58384
86,01_2,01,2,59561
87,01_2,01,2,60829
88,01_2,01,2,62174
89,01_2,01,2,62639
90,01_2,01,2,63104
91,01_2,01,2,67046
92,01_2,01,2,68735
93,01_2,01,2,69718
94,01_2,01,2,71434
95,01_2,01,2,72912
96,01_2,01,2,75438
97,01_2,01,2,77890
98,01_3,01,3,1740
99,01_3,01,3,10137
100,01_3,01,3,11174
101,01_3,01,3,13947
102,01_3,01,3,15045
103,01_3,01,3,17143
104,01_3,01,3,19653
105,01_3,01,3,21287
106,01_3,01,3,23541
107,01_3,01,3,24490
108,01_3,01,3,24955
109,01_3,01,3,26579
110,01_3,01,3,27826
111,01_3,01,3,30360
112,01_3,01,3,30825
113,01_3,01,3,35547
114,01_3,01,3,38200
115,01_3,01,3,39621
116,01_3,01,3,41097
117,01_3,01,3,41562
118,01_3,01,3,43330
119,01_3,01,3,43795
120,01_3,01,3,45226
121,01_3,01,3,46417
122,01_3,01,3,47643
123,01_3,01,3,48108
124,01_3,01,3,50728
125,01_3,01,3,53120
126,02_1,02,1,1881
127,02_1,02,1,4579
128,02_1,02,1,5044
129,02_1,02,1,6698
130,02_1,02,1,9069
131,02_1,02,1,10352
132,02_1,02,1,10817
133,02_1,02,1,13372
134,02_1,02,1,13837
135,02_1,02,1,14302
136,02_1,02,1,14767
137,02_1,02,1,15232
138,02_1,02,1,15697
139,02_1,02,1,16162
140,02_2,02,2,3216
141,02_2,02,2,11957
142,02_2,02,2,14710
143,02_2,02,2,15738
144,02_2,02,2,22984
145,02_2,02,2,26295
146,02_2,02,2,27233
147,02_2,02,2,29385
148,02_2,02,2,30844
149,02_2,02,2,31309
150,02_2,02,2,31774
151,02_2,02,2,34363
152,02_2,02,2,35871
153,02_2,02,2,36336
154,02_2,02,2,36801
155,02_2,02,2,38678
156,02_2,02,2,39143
157,02_2,02,2,40790
158,02_2,02,2,41255
159,02_2,02,2,41720
160,02_2,02,2,43792
161,02_2,02,2,44257
162,02_2,02,2,45860
163,02_2,02,2,46325
164,02_2,02,2,46790
165,02_3,02,3,6757
166,02_3,02,3,7222
167,02_3,02,3,9602
168,02_3,02,3,10067
169,02_3,02,3,13489
170,02_3,02,3,14587
171,02_3,02,3,19854
172,02_3,02,3,20319
173,02_3,02,3,23607
174,02_3,02,3,24072
175,02_3,02,3,26042
176,02_3,02,3,27787
177,02_3,02,3,30363
178,02_3,02,3,30828
179,02_3,02,3,31293
180,02_3,02,3,31758
181,02_3,02,3,35978
182,02_3,02,3,36443
183,02_3,02,3,39365
184,02_3,02,3,39830
185,02_3,02,3,42222
186,02_3,02,3,44159
187,02_3,02,3,47590
188,02_3,02,3,49888
189,02_3,02,3,51032
190,02_3,02,3,52226
191,02_3,02,3,52691
192,02_3,02,3,55142
193,02_3,02,3,56461
194,03_1,03,1,1795
195,03_1,03,1,5687
196,03_1,03,1,7175
197,03_1,03,1,9844
198,03_1,03,1,10309
199,03_1,03,1,10774
200,03_1,03,1,13465
201,03_1,03,1,17643
202,03_1,03,1,22492
203,03_2,03,2,2793
204,03_2,03,2,3724
205,03_2,03,2,7994
206,03_2,03,2,8459
207,03_2,03,2,14485
208,03_2,03,2,18995
209,03_2,03,2,24282
210,03_2,03,2,27529
211,03_2,03,2,29320
212,03_2,03,2,31038
213,03_2,03,2,32803
214,03_2,03,2,33882
215,03_2,03,2,35615
216,03_2,03,2,36080
217,03_2,03,2,38233
218,03_2,03,2,45312
219,03_3,03,3,15849
220,04_1,04,1,2352
221,04_1,04,1,3879
222,04_1,04,1,6127
223,04_1,04,1,14624
224,04_1,04,1,15089
225,04_1,04,1,17832
226,04_1,04,1,23901
227,04_1,04,1,26446
228,04_1,04,1,26911
229,04_1,04,1,27376
230,04_1,04,1,27841
231,04_1,04,1,30804
232,04_1,04,1,31269
233,04_1,04,1,31734
234,04_1,04,1,32199
235,04_1,04,1,32664
236,04_1,04,1,37323
237,04_1,04,1,37788
238,04_1,04,1,38253
239,04_1,04,1,40886
240,04_1,04,1,43076
241,04_1,04,1,45781
242,04_1,04,1,47198
243,04_1,04,1,48880
244,04_1,04,1,49345
245,04_1,04,1,49810
246,04_1,04,1,50275
247,04_1,04,1,54657
248,04_1,04,1,56517
249,04_2,04,2,7490
250,04_2,04,2,9237
251,04_2,04,2,11215
252,04_2,04,2,11680
253,04_2,04,2,13191
254,04_2,04,2,14628
255,04_2,04,2,18000
256,04_2,04,2,21004
257,04_2,04,2,22558
258,04_2,04,2,23023
259,04_2,04,2,26990
260,04_2,04,2,27455
261,04_2,04,2,27920
262,04_2,04,2,28385
263,04_2,04,2,33028
264,04_2,04,2,33493
265,04_2,04,2,33958
266,04_2,04,2,34423
267,04_2,04,2,34888
268,04_2,04,2,35353
269,04_2,04,2,35818
270,04_2,04,2,36283
271,04_2,04,2,36748
272,04_2,04,2,37213
273,04_2,04,2,37678
274,04_2,04,2,38143
275,04_2,04,2,38608
276,04_2,04,2,39073
277,04_2,04,2,39538
278,04_2,04,2,40003
279,04_2,04,2,40468
280,04_2,04,2,40933
281,04_3,04,3,16643
282,04_3,04,3,35854
283,04_3,04,3,44691
284,05_1,05,1,9136
285,05_1,05,1,9601
286,05_1,05,1,12405
287,05_1,05,1,12870
288,05_1,05,1,13335
289,05_1,05,1,16283
290,05_1,05,1,19293
291,05_1,05,1,19758
292,05_1,05,1,20223
293,05_1,05,1,20688
294,05_1,05,1,21153
295,05_1,05,1,24432
296,05_1,05,1,24897
297,05_1,05,1,25362
298,05_1,05,1,27505
299,05_1,05,1,27970
300,05_1,05,1,28435
301,05_1,05,1,28900
302,05_1,05,1,29365
303,05_1,05,1,29830
304,05_1,05,1,30295
305,05_1,05,1,34186
306,05_1,05,1,34651
307,05_1,05,1,35116
308,05_1,05,1,35581
309,05_1,05,1,36046
310,05_1,05,1,36511
311,05_1,05,1,36976
312,05_1,05,1,37441
313,05_2,05,2,7517
314,05_2,05,2,8747
315,05_2,05,2,10968
316,05_2,05,2,12161
317,05_2,05,2,12626
318,05_2,05,2,13091
319,05_2,05,2,15515
320,05_2,05,2,15980
321,05_2,05,2,16445
322,05_2,05,2,16910
323,05_2,05,2,17375
324,05_2,05,2,17840
325,05_2,05,2,18305
326,05_2,05,2,18770
327,05_2,05,2,23853
328,05_2,05,2,24318
329,05_2,05,2,26463
330,05_2,05,2,26928
331,05_2,05,2,27393
332,05_2,05,2,27858
333,05_2,05,2,28323
334,05_2,05,2,28788
335,05_2,05,2,29253
336,05_2,05,2,29718
337,05_2,05,2,34149
338,05_2,05,2,34614
339,05_2,05,2,35079
340,05_3,05,3,7475
341,05_3,05,3,7940
342,05_3,05,3,8405
343,05_3,05,3,10808
344,05_3,05,3,11273
345,05_3,05,3,13583
346,05_3,05,3,14048
347,05_3,05,3,14513
348,05_3,05,3,16419
349,05_3,05,3,16884
350,05_3,05,3,17349
351,05_3,05,3,17814
352,05_3,05,3,18279
353,05_3,05,3,18744
354,05_3,05,3,19209
355,05_3,05,3,23416
356,05_3,05,3,23881
357,05_3,05,3,24346
358,05_3,05,3,24811
359,05_3,05,3,25276
360,05_3,05,3,25741
361,05_3,05,3,26206
362,05_3,05,3,26671
363,05_3,05,3,27136
364,05_3,05,3,27601
365,05_3,05,3,28066
366,05_3,05,3,34533
367,05_3,05,3,34998
368,05_3,05,3,35463
369,05_3,05,3,37669
370,05_3,05,3,38134
371,05_3,05,3,38599
372,05_3,05,3,39064
373,05_3,05,3,39529
374,05_3,05,3,39994
375,05_3,05,3,40459
376,05_3,05,3,40924
377,05_3,05,3,41389
378,05_3,05,3,41854
379,05_3,05,3,47872
380,06_1,06,1,5388
381,06_1,06,1,6405
382,06_1,06,1,8150
383,06_1,06,1,8615
384,06_1,06,1,10423
385,06_1,06,1,12222
386,06_1,06,1,12687
387,06_1,06,1,14666
388,06_1,06,1,17230
389,06_1,06,1,18397
390,06_1,06,1,19647
391,06_1,06,1,20112
392,06_1,06,1,21860
393,06_1,06,1,22325
394,06_1,06,1,22790
395,06_1,06,1,23255
396,06_1,06,1,26939
397,06_1,06,1,27404
398,06_1,06,1,27869
399,06_1,06,1,28334
400,06_1,06,1,28799
401,06_1,06,1,29264
402,06_1,06,1,29729
403,06_1,06,1,30194
404,06_1,06,1,30659
405,06_1,06,1,31124
406,06_1,06,1,38972
407,06_1,06,1,39437
408,06_1,06,1,39902
409,06_1,06,1,40367
410,06_1,06,1,40832
411,06_1,06,1,41297
412,06_1,06,1,41762
413,06_2,06,2,2103
414,06_2,06,2,6192
415,06_2,06,2,6657
416,06_2,06,2,7122
417,06_2,06,2,7587
418,06_2,06,2,8052
419,06_2,06,2,11855
420,06_2,06,2,22580
421,06_2,06,2,23045
422,06_2,06,2,23510
423,06_2,06,2,28150
424,06_2,06,2,28615
425,06_2,06,2,29080
426,06_3,06,3,16007
427,06_3,06,3,18355
428,06_3,06,3,18820
429,06_3,06,3,21468
430,06_3,06,3,24473
431,06_3,06,3,27668
432,06_3,06,3,29359
433,06_3,06,3,29824
434,06_3,06,3,30289
435,06_3,06,3,30754
436,06_3,06,3,31219
437,06_3,06,3,31684
438,06_3,06,3,32149
439,06_3,06,3,32614
440,06_3,06,3,33079
441,06_3,06,3,33544
442,06_3,06,3,34009
443,06_3,06,3,34474
444,06_3,06,3,34939
445,06_3,06,3,35404
446,06_3,06,3,35869
447,07_1,07,1,1863
448,07_1,07,1,2328
449,07_1,07,1,3934
450,07_1,07,1,4889
451,07_1,07,1,5354
452,07_1,07,1,7466
453,07_1,07,1,7931
454,07_1,07,1,9733
455,07_1,07,1,10764
456,07_1,07,1,11229
457,07_1,07,1,12759
458,07_1,07,1,13224
459,07_1,07,1,15151
460,07_1,07,1,15616
461,07_1,07,1,16081
462,07_1,07,1,16546
463,07_1,07,1,19042
464,07_1,07,1,19507
465,07_1,07,1,19972
466,07_1,07,1,20437
467,07_1,07,1,22981
468,07_1,07,1,25701
469,07_1,07,1,27381
470,07_1,07,1,28758
471,07_1,07,1,30806
472,07_1,07,1,31815
473,07_1,07,1,32280
474,07_1,07,1,32745
475,07_1,07,1,34615
476,07_1,07,1,35080
477,07_1,07,1,35545
478,07_1,07,1,37943
479,07_1,07,1,39504
480,07_1,07,1,39969
481,07_1,07,1,42098
482,07_1,07,1,43596
483,07_1,07,1,45459
484,07_1,07,1,46579
485,07_1,07,1,47524
486,07_1,07,1,49174
487,07_1,07,1,51279
488,07_1,07,1,51744
489,07_2,07,2,8190
490,07_2,07,2,10808
491,07_2,07,2,11273
492,07_2,07,2,13360
493,07_2,07,2,15502
494,07_2,07,2,19579
495,07_2,07,2,20044
496,07_2,07,2,20509
497,07_2,07,2,22502
498,07_2,07,2,23518
499,07_2,07,2,23983
500,07_2,07,2,25839
501,07_2,07,2,26304
502,07_2,07,2,26769
503,07_2,07,2,31596
504,07_3,07,3,1220
505,07_3,07,3,4805
506,07_3,07,3,5874
507,07_3,07,3,8004
508,07_3,07,3,10268
509,07_3,07,3,12163
510,07_3,07,3,14398
511,07_3,07,3,16679
512,07_3,07,3,17144
513,07_3,07,3,18875
514,07_3,07,3,21021
515,08_1,08,1,4963
516,08_1,08,1,8053
517,08_1,08,1,9435
518,08_1,08,1,10548
519,08_1,08,1,13593
520,08_1,08,1,14939
521,08_1,08,1,16642
522,08_1,08,1,19033
523,08_1,08,1,20536
524,08_1,08,1,21682
525,08_1,08,1,23252
526,08_1,08,1,23717
527,08_1,08,1,25338
528,08_1,08,1,30121
529,08_1,08,1,34797
530,08_1,08,1,36871
531,08_1,08,1,39157
532,08_1,08,1,40460
533,08_1,08,1,42702
534,08_1,08,1,43167
535,08_1,08,1,44997
536,08_1,08,1,46018
537,08_1,08,1,47840
538,08_1,08,1,48305
539,08_1,08,1,48770
540,08_1,08,1,49235
541,08_1,08,1,49700
542,08_1,08,1,52709
543,08_1,08,1,54011
544,08_1,08,1,54476
545,08_1,08,1,54941
546,08_1,08,1,59751
547,08_1,08,1,60216
548,08_1,08,1,60681
549,08_1,08,1,61146
550,08_1,08,1,61611
551,08_1,08,1,62076
552,08_1,08,1,66166
553,08_1,08,1,67767
554,08_1,08,1,70416
555,08_1,08,1,70881
556,08_1,08,1,73139
557,08_1,08,1,73604
558,08_1,08,1,75852
559,08_1,08,1,76317
560,08_1,08,1,76782
561,08_1,08,1,77247
562,08_1,08,1,79612
563,08_1,08,1,83120
564,08_2,08,2,1891
565,08_2,08,2,2356
566,08_2,08,2,2821
567,08_2,08,2,3286
568,08_2,08,2,3751
569,08_2,08,2,4216
570,08_2,08,2,4681
571,08_2,08,2,5146
572,08_2,08,2,5611
573,08_2,08,2,6076
574,08_2,08,2,6541
575,08_2,08,2,7006
576,08_2,08,2,7471
577,08_2,08,2,7936
578,08_2,08,2,8401
579,08_2,08,2,8866
580,08_2,08,2,9331
581,08_2,08,2,9796
582,08_2,08,2,10261
583,08_2,08,2,10726
584,08_2,08,2,11191
585,08_2,08,2,11656
586,08_2,08,2,12121
587,08_2,08,2,12586
588,08_2,08,2,13051
589,08_2,08,2,13516
590,08_2,08,2,13981
591,08_2,08,2,14446
592,08_2,08,2,14911
593,08_2,08,2,15376
594,08_2,08,2,15841
595,08_2,08,2,16306
596,08_2,08,2,16771
597,08_2,08,2,17236
598,08_2,08,2,17701
599,08_2,08,2,18166
600,08_2,08,2,18631
601,08_2,08,2,19096
602,08_2,08,2,38435
603,08_2,08,2,39694
604,08_2,08,2,41224
605,08_2,08,2,43633
606,08_2,08,2,44098
607,08_2,08,2,44563
608,08_2,08,2,45028
609,08_2,08,2,45493
610,08_2,08,2,45958
611,08_2,08,2,46423
612,08_2,08,2,51010
613,08_2,08,2,51475
614,08_2,08,2,51940
615,08_2,08,2,52405
616,08_2,08,2,52870
617,08_2,08,2,56080
618,08_2,08,2,56545
619,08_2,08,2,58721
620,08_2,08,2,60324
621,08_2,08,2,60789
622,08_2,08,2,61254
623,08_2,08,2,61719
624,08_3,08,3,1755
625,08_3,08,3,3124
626,08_3,08,3,5497
627,08_3,08,3,9146
628,08_3,08,3,11719
629,08_3,08,3,13155
630,08_3,08,3,14318
631,08_3,08,3,16587
632,08_3,08,3,18858
633,08_3,08,3,21328
634,08_3,08,3,22888
635,08_3,08,3,23999
636,08_3,08,3,24464
637,08_3,08,3,26700
638,08_3,08,3,28509
639,08_3,08,3,30120
640,08_3,08,3,30585
641,08_3,08,3,33421
642,08_3,08,3,34523
643,08_3,08,3,36369
644,08_3,08,3,38132
645,08_3,08,3,39783
646,08_3,08,3,40248
647,08_3,08,3,40713
648,08_3,08,3,41178
649,08_3,08,3,41643
650,08_3,08,3,42108
651,08_3,08,3,45595
652,08_3,08,3,46060
653,08_3,08,3,46525
654,08_3,08,3,49121
655,08_3,08,3,49586
656,08_3,08,3,50051
657,08_3,08,3,50516
658,08_3,08,3,50981
659,08_3,08,3,51446
660,08_3,08,3,51911
661,08_3,08,3,52376
662,08_3,08,3,52841
663,08_3,08,3,57943
664,08_3,08,3,58950
665,08_3,08,3,59415
666,08_3,08,3,59880
667,08_3,08,3,60345
668,08_3,08,3,62927
669,08_3,08,3,63392
670,08_3,08,3,63857
671,08_3,08,3,64322
672,08_3,08,3,67017
673,08_3,08,3,67482
674,08_3,08,3,69568
675,08_3,08,3,71006
676,08_3,08,3,71471
677,08_3,08,3,73700
678,08_3,08,3,74881
679,09_1,09,1,898
680,09_1,09,1,4121
681,09_1,09,1,6139
682,09_1,09,1,7594
683,09_1,09,1,8059
684,09_1,09,1,9473
685,09_1,09,1,10914
686,09_1,09,1,13205
687,09_1,09,1,16141
688,09_1,09,1,16606
689,09_1,09,1,18182
690,09_1,09,1,18647
691,09_1,09,1,19112
692,09_1,09,1,19577
693,09_1,09,1,20042
694,09_1,09,1,23644
695,09_1,09,1,25695
696,09_1,09,1,29105
697,09_1,09,1,29570
698,09_1,09,1,31378
699,09_1,09,1,31843
700,09_1,09,1,32308
701,09_1,09,1,32773
702,09_1,09,1,35409
703,09_1,09,1,38398
704,09_1,09,1,38863
705,09_1,09,1,39328
706,09_1,09,1,39793
707,09_1,09,1,42397
708,09_1,09,1,42862
709,09_1,09,1,44516
710,09_1,09,1,45629
711,09_1,09,1,46094
712,09_1,09,1,46559
713,09_1,09,1,47024
714,09_1,09,1,47489
715,09_1,09,1,47954
716,09_1,09,1,48419
717,09_1,09,1,48884
718,09_1,09,1,49349
719,09_1,09,1,49814
720,09_1,09,1,50279
721,09_1,09,1,56488
722,09_1,09,1,56953
723,09_1,09,1,58513
724,09_1,09,1,58978
725,09_1,09,1,59443
726,09_1,09,1,59908
727,09_1,09,1,60373
728,09_1,09,1,66524
729,09_1,09,1,68186
730,09_1,09,1,70066
731,09_1,09,1,70531
732,09_1,09,1,70996
733,09_1,09,1,74049
734,09_1,09,1,75830
735,09_1,09,1,76295
736,09_1,09,1,78883
737,09_1,09,1,80481
738,09_1,09,1,80946
739,09_1,09,1,81411
740,09_1,09,1,81876
741,09_1,09,1,82341
742,09_1,09,1,82806
743,09_1,09,1,83271
744,09_1,09,1,83736
745,09_1,09,1,84201
746,09_1,09,1,84666
747,09_1,09,1,85131
748,09_1,09,1,85596
749,09_1,09,1,86061
750,09_1,09,1,86526
751,09_1,09,1,86991
752,09_1,09,1,87456
753,09_1,09,1,87921
754,09_1,09,1,88386
755,09_1,09,1,88851
756,09_2,09,2,1553
757,09_2,09,2,10373
758,09_2,09,2,11529
759,09_2,09,2,17650
760,09_2,09,2,22997
761,09_2,09,2,24339
762,09_2,09,2,24804
763,09_2,09,2,27164
764,09_2,09,2,29815
765,09_2,09,2,31741
766,09_2,09,2,34084
767,09_2,09,2,34549
768,09_2,09,2,36429
769,09_2,09,2,36894
770,09_2,09,2,38631
771,09_2,09,2,39924
772,09_2,09,2,43567
773,09_2,09,2,45964
774,09_2,09,2,47155
775,09_2,09,2,52801
776,09_2,09,2,53266
777,09_2,09,2,57995
778,09_2,09,2,59560
779,09_2,09,2,61007
780,09_2,09,2,63058
781,09_2,09,2,66622
782,09_2,09,2,68976
783,09_2,09,2,69441
784,09_2,09,2,71412
785,09_2,09,2,71877
786,09_2,09,2,72342
787,09_2,09,2,74933
788,09_2,09,2,75398
789,09_2,09,2,75863
790,09_2,09,2,76328
791,09_2,09,2,76793
792,09_2,09,2,80236
793,09_2,09,2,80701
794,09_2,09,2,81166
795,09_3,09,3,842
796,09_3,09,3,5521
797,09_3,09,3,6851
798,09_3,09,3,8284
799,09_3,09,3,9580
800,09_3,09,3,11561
801,09_3,09,3,12026
802,09_3,09,3,14048
803,09_3,09,3,17101
804,09_3,09,3,19325
805,09_3,09,3,20536
806,09_3,09,3,21001
807,09_3,09,3,23260
808,09_3,09,3,23725
809,09_3,09,3,27124
810,09_3,09,3,29396
811,09_3,09,3,31336
812,09_3,09,3,34039
813,09_3,09,3,35230
814,09_3,09,3,35695
815,09_3,09,3,36160
816,09_3,09,3,39031
817,09_3,09,3,43665
818,09_3,09,3,44130
819,09_3,09,3,44595
820,09_3,09,3,45060
821,09_3,09,3,49248
822,09_3,09,3,50249
823,09_3,09,3,53517
824,09_3,09,3,55546
825,09_3,09,3,56884
826,09_3,09,3,57349
827,09_3,09,3,57814
828,09_3,09,3,61197
829,09_3,09,3,62628
830,09_3,09,3,63093
831,09_3,09,3,66580
832,09_3,09,3,67045
833,09_3,09,3,70705
834,09_3,09,3,71170
835,09_3,09,3,71635
836,09_3,09,3,72100
837,09_3,09,3,72565
838,09_3,09,3,73030
839,09_3,09,3,73495
840,09_3,09,3,73960
841,09_3,09,3,74425
842,09_3,09,3,74890
843,09_3,09,3,80511
844,09_3,09,3,80976
845,09_3,09,3,81441
846,09_3,09,3,81906
847,09_3,09,3,82371
848,09_3,09,3,82836
849,09_3,09,3,83301
850,09_3,09,3,83766
851,09_3,09,3,84231
852,09_3,09,3,84696
853,09_3,09,3,85161
854,09_3,09,3,85626
855,09_3,09,3,86091
856,09_3,09,3,86556
857,09_3,09,3,87021
858,09_3,09,3,87486
859,09_3,09,3,87951
860,09_3,09,3,88416
861,09_3,09,3,88881
862,10_1,10,1,1090
863,10_1,10,1,1555
864,10_1,10,1,7262
865,10_1,10,1,9106
866,10_1,10,1,32542
867,10_1,10,1,33007
868,10_1,10,1,33472
869,10_1,10,1,45875
870,10_1,10,1,46340
871,10_1,10,1,65311
872,10_2,10,2,1427
873,10_2,10,2,4307
874,10_2,10,2,5642
875,10_2,10,2,10989
876,10_2,10,2,12194
877,10_2,10,2,21048
878,10_2,10,2,23098
879,10_2,10,2,29297
880,10_2,10,2,32857
881,10_2,10,2,35747
882,10_2,10,2,39829
883,10_2,10,2,40294
884,10_2,10,2,42702
885,10_2,10,2,43167
886,10_2,10,2,45585
887,10_2,10,2,46050
888,10_2,10,2,50551
889,10_2,10,2,52794
890,10_2,10,2,55232
891,10_2,10,2,58003
892,10_2,10,2,64480
893,10_2,10,2,70152
894,10_2,10,2,70617
895,10_2,10,2,73367
896,10_3,10,3,5315
897,10_3,10,3,10687
898,10_3,10,3,15524
899,10_3,10,3,24517
900,10_3,10,3,27012
901,10_3,10,3,32526
902,10_3,10,3,35547
903,10_3,10,3,36851
904,10_3,10,3,37316
905,10_3,10,3,37781
906,10_3,10,3,38246
907,10_3,10,3,38711
908,10_3,10,3,39176
909,10_3,10,3,39641
910,10_3,10,3,40106
911,10_3,10,3,40571
912,10_3,10,3,41036
913,10_3,10,3,41501
914,10_3,10,3,49260
915,10_3,10,3,50747
916,10_3,10,3,57594
917,10_3,10,3,58949
918,10_3,10,3,60395
919,10_3,10,3,60860
920,10_3,10,3,63168
921,10_3,10,3,64212
922,10_3,10,3,66003
923,10_3,10,3,67693
924,10_3,10,3,69454
925,10_3,10,3,73191
926,10_3,10,3,74221
927,10_3,10,3,74686
928,10_3,10,3,75151
929,10_3,10,3,75616
930,11_1,11,1,3582
931,11_1,11,1,4556
932,11_1,11,1,12691
933,11_1,11,1,15569
934,11_1,11,1,21563
935,11_1,11,1,23232
936,11_1,11,1,23697
937,11_1,11,1,26353
938,11_1,11,1,26818
939,11_1,11,1,30224
940,11_1,11,1,33742
941,11_1,11,1,36804
942,11_1,11,1,38050
943,11_1,11,1,42531
944,11_1,11,1,42996
945,11_1,11,1,43461
946,11_1,11,1,46261
947,11_1,11,1,46726
948,11_1,11,1,48326
949,11_1,11,1,48791
950,11_1,11,1,49256
951,11_2,11,2,6129
952,11_2,11,2,8729
953,11_2,11,2,14487
954,11_2,11,2,16272
955,11_2,11,2,18636
956,11_2,11,2,19101
957,11_2,11,2,22665
958,11_2,11,2,23130
959,11_2,11,2,23595
960,11_2,11,2,24060
961,11_2,11,2,24525
962,11_2,11,2,29437
963,11_2,11,2,32373
964,11_2,11,2,35556
965,11_2,11,2,39400
966,11_2,11,2,39865
967,11_2,11,2,42396
968,11_2,11,2,42861
969,11_2,11,2,43326
970,11_2,11,2,43791
971,11_2,11,2,46316
972,11_3,11,3,1587
973,11_3,11,3,14897
974,11_3,11,3,15362
975,11_3,11,3,22110
976,11_3,11,3,22575
977,11_3,11,3,32498
978,11_3,11,3,34384
979,12_1,12,1,2146
980,12_1,12,1,2611
981,12_1,12,1,3076
982,12_1,12,1,6004
983,12_1,12,1,6469
984,12_1,12,1,8641
985,12_1,12,1,9106
986,12_1,12,1,10838
987,12_1,12,1,12590
988,12_1,12,1,13055
989,12_1,12,1,13520
990,12_1,12,1,13985
991,12_1,12,1,16571
992,12_1,12,1,17036
993,12_1,12,1,17501
994,12_1,12,1,17966
995,12_1,12,1,18431
996,12_1,12,1,21475
997,12_1,12,1,22721
998,12_1,12,1,23186
999,12_1,12,1,24898
1000,12_1,12,1,26456
1001,12_1,12,1,26921
1002,12_1,12,1,27386
1003,12_1,12,1,27851
1004,12_1,12,1,28316
1005,12_1,12,1,31608
1006,12_1,12,1,32073
1007,12_1,12,1,32538
1008,12_1,12,1,33003
1009,12_1,12,1,33468
1010,12_1,12,1,37063
1011,12_1,12,1,38786
1012,12_1,12,1,39251
1013,12_1,12,1,40789
1014,12_1,12,1,41254
1015,12_1,12,1,41719
1016,12_1,12,1,43806
1017,12_1,12,1,45543
1018,12_1,12,1,47309
1019,12_1,12,1,47774
1020,12_1,12,1,48239
1021,12_2,12,2,544
1022,12_2,12,2,2206
1023,12_2,12,2,12837
1024,12_2,12,2,15585
1025,12_2,12,2,18657
1026,12_2,12,2,19122
1027,12_2,12,2,19587
1028,12_2,12,2,20052
1029,12_2,12,2,20517
1030,12_2,12,2,24413
1031,12_2,12,2,27114
1032,12_2,12,2,27579
1033,12_2,12,2,34046
1034,12_2,12,2,35591
1035,12_2,12,2,36607
1036,12_2,12,2,39866
1037,12_2,12,2,41134
1038,12_2,12,2,41599
1039,12_2,12,2,45518
1040,12_2,12,2,47223
1041,12_2,12,2,50865
1042,12_2,12,2,51330
1043,12_3,12,3,7655
1044,12_3,12,3,8701
1045,12_3,12,3,10099
1046,12_3,12,3,12779
1047,12_3,12,3,13244
1048,12_3,12,3,13709
1049,12_3,12,3,16077
1050,12_3,12,3,16542
1051,13_1,13,1,4434
1052,13_1,13,1,4899
1053,13_1,13,1,5364
1054,13_1,13,1,5829
1055,13_1,13,1,6294
1056,13_1,13,1,6759
1057,13_1,13,1,10716
1058,13_1,13,1,13138
1059,13_1,13,1,14901
1060,13_1,13,1,15366
1061,13_1,13,1,17385
1062,13_1,13,1,17850
1063,13_1,13,1,20573
1064,13_1,13,1,21038
1065,13_1,13,1,22922
1066,13_1,13,1,24121
1067,13_1,13,1,24586
1068,13_1,13,1,26313
1069,13_1,13,1,26778
1070,13_1,13,1,27243
1071,13_1,13,1,29226
1072,13_1,13,1,29691
1073,13_1,13,1,30156
1074,13_1,13,1,30621
1075,13_1,13,1,33754
1076,13_1,13,1,34219
1077,13_1,13,1,36441
1078,13_1,13,1,36906
1079,13_1,13,1,37371
1080,13_1,13,1,37836
1081,13_1,13,1,38301
1082,13_1,13,1,41271
1083,13_1,13,1,41736
1084,13_1,13,1,42201
1085,13_1,13,1,44475
1086,13_1,13,1,45840
1087,13_1,13,1,46305
1088,13_1,13,1,46770
1089,13_1,13,1,47235
1090,13_1,13,1,47700
1091,13_1,13,1,48165
1092,13_1,13,1,48630
1093,13_1,13,1,49095
1094,13_1,13,1,53770
1095,13_1,13,1,54235
1096,13_1,13,1,54700
1097,13_1,13,1,55165
1098,13_1,13,1,57905
1099,13_1,13,1,58370
1100,13_1,13,1,58835
1101,13_1,13,1,60927
1102,13_1,13,1,61392
1103,13_1,13,1,61857
1104,13_1,13,1,64554
1105,13_1,13,1,65897
1106,13_1,13,1,67376
1107,13_1,13,1,67841
1108,13_1,13,1,69271
1109,13_1,13,1,69736
1110,13_1,13,1,71988
1111,13_1,13,1,73408
1112,13_1,13,1,73873
1113,13_1,13,1,75802
1114,13_1,13,1,76267
1115,13_1,13,1,78568
1116,13_1,13,1,79033
1117,13_1,13,1,79498
1118,13_1,13,1,82559
1119,13_1,13,1,84426
1120,13_1,13,1,86696
1121,13_1,13,1,87161
1122,13_1,13,1,87626
1123,13_1,13,1,88091
1124,13_1,13,1,90839
1125,13_1,13,1,91304
1126,13_2,13,2,868
1127,13_2,13,2,9047
1128,13_2,13,2,41982
1129,13_2,13,2,49703
1130,13_2,13,2,61270
1131,13_2,13,2,75830
1132,13_2,13,2,86810
1133,13_2,13,2,88377
1134,13_3,13,3,5505
1135,13_3,13,3,6795
1136,13_3,13,3,9040
1137,13_3,13,3,15531
1138,13_3,13,3,24511
1139,13_3,13,3,24976
1140,13_3,13,3,42466
1141,13_3,13,3,42931
1142,13_3,13,3,47013
1143,13_3,13,3,47478
1144,13_3,13,3,49977
1145,13_3,13,3,55639
1146,13_3,13,3,58140
1147,13_3,13,3,66379
1148,13_3,13,3,82722
1149,13_3,13,3,85949
1150,13_3,13,3,86414
1151,14_1,14,1,4177
1152,14_1,14,1,5511
1153,14_1,14,1,10377
1154,14_1,14,1,12386
1155,14_1,14,1,16593
1156,14_1,14,1,18061
1157,14_1,14,1,20174
1158,14_1,14,1,21308
1159,14_1,14,1,25270
1160,14_1,14,1,27841
1161,14_1,14,1,29004
1162,14_1,14,1,35537
1163,14_2,14,2,4208
1164,14_2,14,2,8600
1165,14_2,14,2,9996
1166,14_2,14,2,14307
1167,14_2,14,2,16156
1168,14_2,14,2,18899
1169,14_2,14,2,21656
1170,14_2,14,2,23425
1171,14_2,14,2,24727
1172,14_2,14,2,25192
1173,14_2,14,2,28467
1174,14_2,14,2,31962
1175,14_2,14,2,34647
1176,14_2,14,2,35645
1177,14_2,14,2,38297
1178,14_2,14,2,38762
1179,14_2,14,2,41184
1180,14_2,14,2,42794
1181,14_2,14,2,46078
1182,14_2,14,2,47829
1183,14_2,14,2,48294
1184,14_2,14,2,48759
1185,14_2,14,2,51924
1186,14_2,14,2,55515
1187,14_2,14,2,56604
1188,14_2,14,2,60557
1189,14_2,14,2,61022
1190,14_2,14,2,63593
1191,14_3,14,3,10752
1192,14_3,14,3,15387
1193,14_3,14,3,17852
1194,14_3,14,3,19456
1195,14_3,14,3,22242
1196,14_3,14,3,23341
1197,14_3,14,3,25725
1198,14_3,14,3,30829
1199,14_3,14,3,32407
1200,14_3,14,3,32872
1201,14_3,14,3,35029
1202,14_3,14,3,35494
1203,14_3,14,3,35959
1204,14_3,14,3,39658
1205,14_3,14,3,41521
1206,14_3,14,3,41986
1207,14_3,14,3,42451
1208,14_3,14,3,42916
1209,14_3,14,3,43381
1210,14_3,14,3,43846
1211,14_3,14,3,44311
1212,14_3,14,3,44776
1213,14_3,14,3,49833
1214,14_3,14,3,51950
1215,14_3,14,3,52415
1216,14_3,14,3,52880
1217,14_3,14,3,53345
1218,14_3,14,3,53810
1219,14_3,14,3,54275
1220,14_3,14,3,58875
1221,15_1,15,1,4937
1222,15_1,15,1,5402
1223,15_1,15,1,5867
1224,15_1,15,1,6332
1225,15_1,15,1,10774
1226,15_1,15,1,11239
1227,15_1,15,1,13959
1228,15_1,15,1,16364
1229,15_1,15,1,20686
1230,15_1,15,1,23283
1231,15_1,15,1,26825
1232,15_1,15,1,27290
1233,15_1,15,1,27755
1234,15_1,15,1,28220
1235,15_1,15,1,28685
1236,15_1,15,1,29150
1237,15_1,15,1,29615
1238,15_1,15,1,30080
1239,15_1,15,1,30545
1240,15_1,15,1,35970
1241,15_1,15,1,36435
1242,15_1,15,1,36900
1243,15_1,15,1,37365
1244,15_1,15,1,37830
1245,15_1,15,1,40908
1246,15_1,15,1,41373
1247,15_1,15,1,41838
1248,15_1,15,1,42303
1249,15_1,15,1,42768
1250,15_1,15,1,43233
1251,15_1,15,1,43698
1252,15_1,15,1,44163
1253,15_1,15,1,44628
1254,15_1,15,1,45093
1255,15_1,15,1,45558
1256,15_2,15,2,3889
1257,15_2,15,2,7575
1258,15_2,15,2,8040
1259,15_2,15,2,11845
1260,15_2,15,2,17980
1261,15_2,15,2,18445
1262,15_2,15,2,18910
1263,15_2,15,2,21451
1264,15_2,15,2,21916
1265,15_2,15,2,22381
1266,15_2,15,2,24985
1267,15_2,15,2,25450
1268,15_2,15,2,25915
1269,15_2,15,2,28056
1270,15_2,15,2,28521
1271,15_2,15,2,30970
1272,15_2,15,2,34898
1273,15_2,15,2,43737
1274,15_2,15,2,45858
1275,15_3,15,3,2521
1276,15_3,15,3,2986
1277,15_3,15,3,13692
1278,15_3,15,3,15530
1279,15_3,15,3,25068
1280,15_3,15,3,26002
1281,15_3,15,3,28597
1282,15_3,15,3,29719
1283,15_3,15,3,34940
1284,15_3,15,3,35405
1285,15_3,15,3,35870
1286,15_3,15,3,36335
1287,15_3,15,3,36800
1288,15_3,15,3,37265
1289,15_3,15,3,37730
1290,15_3,15,3,38195
1291,15_3,15,3,38660
1292,15_3,15,3,39125
1293,15_3,15,3,39590
1294,15_3,15,3,40055
1295,15_3,15,3,46426
1296,15_3,15,3,46891
1297,15_3,15,3,47356
1298,15_3,15,3,47821
1299,15_3,15,3,48286
1300,15_3,15,3,48751
1301,16_1,16,1,4433
1302,16_1,16,1,6723
1303,16_1,16,1,15914
1304,16_1,16,1,19083
1305,16_1,16,1,20387
1306,16_1,16,1,21409
1307,16_1,16,1,23977
1308,16_1,16,1,25649
1309,16_1,16,1,27521
1310,16_1,16,1,29902
1311,16_1,16,1,32197
1312,16_1,16,1,33708
1313,16_1,16,1,34173
1314,16_1,16,1,36683
1315,16_1,16,1,37148
1316,16_1,16,1,39375
1317,16_1,16,1,41733
1318,16_1,16,1,43610
1319,16_1,16,1,44883
1320,16_1,16,1,46705
1321,16_1,16,1,47170
1322,16_2,16,2,2567
1323,16_2,16,2,3876
1324,16_2,16,2,5299
1325,16_2,16,2,7154
1326,16_2,16,2,9358
1327,16_2,16,2,9823
1328,16_2,16,2,11517
1329,16_2,16,2,11982
1330,16_2,16,2,13635
1331,16_2,16,2,14100
1332,16_2,16,2,14565
1333,16_2,16,2,17259
1334,16_2,16,2,18843
1335,16_2,16,2,19308
1336,16_2,16,2,19773
1337,16_2,16,2,20238
1338,16_2,16,2,20703
1339,16_2,16,2,21168
1340,16_2,16,2,21633
1341,16_2,16,2,22098
1342,16_2,16,2,22563
1343,16_2,16,2,23028
1344,16_2,16,2,23493
1345,16_2,16,2,30866
1346,16_2,16,2,32544
1347,16_2,16,2,33009
1348,16_2,16,2,33474
1349,16_2,16,2,33939
1350,16_2,16,2,34404
1351,16_2,16,2,34869
1352,16_2,16,2,38651
1353,16_2,16,2,39116
1354,16_2,16,2,39581
1355,16_2,16,2,40046
1356,16_2,16,2,40511
1357,16_2,16,2,40976
1358,16_3,16,3,19577
1359,16_3,16,3,22148
1360,16_3,16,3,26894
1361,16_3,16,3,27359
1362,16_3,16,3,27824
1363,16_3,16,3,31072
1364,16_3,16,3,34191
1365,16_3,16,3,43417
1366,17_1,17,1,5249
1367,17_1,17,1,7398
1368,17_1,17,1,16106
1369,17_1,17,1,16571
1370,17_1,17,1,17036
1371,17_1,17,1,17501
1372,17_1,17,1,17966
1373,17_1,17,1,18431
1374,17_2,17,2,5354
1375,17_2,17,2,10455
1376,17_2,17,2,12485
1377,17_2,17,2,16978
1378,17_2,17,2,24176
1379,17_2,17,2,24641
1380,17_3,17,3,3407
1381,17_3,17,3,3872
1382,17_3,17,3,12176
1383,17_3,17,3,18214
1384,17_3,17,3,21190
1385,17_3,17,3,24690
1386,17_3,17,3,26264
1387,17_3,17,3,26729
1388,17_3,17,3,27194
1389,18_1,18,1,3010
1390,18_1,18,1,6998
1391,18_1,18,1,10518
1392,18_1,18,1,12598
1393,18_1,18,1,21837
1394,18_1,18,1,24604
1395,18_1,18,1,25952
1396,18_1,18,1,26417
1397,18_1,18,1,28121
1398,18_1,18,1,29636
1399,18_1,18,1,34304
1400,18_1,18,1,37387
1401,18_1,18,1,37852
1402,18_1,18,1,39511
1403,18_1,18,1,41030
1404,18_1,18,1,43784
1405,18_1,18,1,44249
1406,18_1,18,1,47529
1407,18_1,18,1,47994
1408,18_1,18,1,52755
1409,18_1,18,1,54618
1410,18_1,18,1,56398
1411,18_1,18,1,56863
1412,18_1,18,1,57328
1413,18_1,18,1,57793
1414,18_1,18,1,58258
1415,18_1,18,1,58723
1416,18_1,18,1,59188
1417,18_1,18,1,59653
1418,18_1,18,1,60118
1419,18_1,18,1,60583
1420,18_1,18,1,66363
1421,18_1,18,1,66828
1422,18_1,18,1,67293
1423,18_1,18,1,67758
1424,18_1,18,1,68223
1425,18_1,18,1,68688
1426,18_1,18,1,69153
1427,18_2,18,2,2787
1428,18_2,18,2,4371
1429,18_2,18,2,4836
1430,18_2,18,2,8302
1431,18_2,18,2,8767
1432,18_2,18,2,10406
1433,18_2,18,2,10871
1434,18_2,18,2,12592
1435,18_2,18,2,15067
1436,18_2,18,2,15532
1437,18_2,18,2,17852
1438,18_2,18,2,18317
1439,18_2,18,2,18782
1440,18_2,18,2,19247
1441,18_2,18,2,21909
1442,18_2,18,2,22374
1443,18_2,18,2,25120
1444,18_2,18,2,25585
1445,18_2,18,2,26050
1446,18_2,18,2,26515
1447,18_2,18,2,26980
1448,18_2,18,2,27445
1449,18_2,18,2,31364
1450,18_2,18,2,32807
1451,18_2,18,2,34017
1452,18_2,18,2,34482
1453,18_2,18,2,34947
1454,18_2,18,2,35412
1455,18_2,18,2,35877
1456,18_2,18,2,36342
1457,18_2,18,2,36807
1458,18_2,18,2,42294
1459,18_2,18,2,43875
1460,18_2,18,2,44340
1461,18_2,18,2,46900
1462,18_2,18,2,47365
1463,18_2,18,2,49623
1464,18_2,18,2,50088
1465,18_2,18,2,50553
1466,18_2,18,2,51018
1467,18_2,18,2,53945
1468,18_2,18,2,54410
1469,18_2,18,2,54875
1470,18_2,18,2,55340
1471,18_2,18,2,59056
1472,18_2,18,2,59521
1473,18_2,18,2,59986
1474,18_2,18,2,60451
1475,18_2,18,2,60916
1476,18_2,18,2,61381
1477,18_2,18,2,61846
1478,18_2,18,2,62311
1479,18_2,18,2,62776
1480,18_2,18,2,63241
1481,18_2,18,2,63706
1482,18_2,18,2,64171
1483,18_2,18,2,64636
1484,18_2,18,2,71161
1485,18_2,18,2,71626
1486,18_2,18,2,73886
1487,18_2,18,2,74351
1488,18_2,18,2,74816
1489,18_2,18,2,75281
1490,18_2,18,2,75746
1491,18_3,18,3,2068
1492,18_3,18,3,3553
1493,18_3,18,3,5486
1494,18_3,18,3,5951
1495,18_3,18,3,7719
1496,18_3,18,3,11105
1497,18_3,18,3,11570
1498,18_3,18,3,12035
1499,18_3,18,3,15638
1500,18_3,18,3,16103
1501,18_3,18,3,16568
1502,18_3,18,3,18736
1503,18_3,18,3,19959
1504,18_3,18,3,20424
1505,18_3,18,3,20889
1506,18_3,18,3,23322
1507,18_3,18,3,23787
1508,18_3,18,3,24252
1509,18_3,18,3,26656
1510,18_3,18,3,27906
1511,18_3,18,3,29350
1512,18_3,18,3,31009
1513,18_3,18,3,31474
1514,18_3,18,3,34015
1515,18_3,18,3,34480
1516,18_3,18,3,34945
1517,18_3,18,3,35410
1518,18_3,18,3,35875
1519,18_3,18,3,51203
1520,18_3,18,3,51668
1521,18_3,18,3,58071
1522,18_3,18,3,60808
1523,18_3,18,3,64147
1524,18_3,18,3,65903
1525,18_3,18,3,68445
1526,18_3,18,3,70821
1527,19_1,19,1,2267
1528,19_1,19,1,16633
1529,19_1,19,1,18849
1530,19_1,19,1,25238
1531,19_1,19,1,30685
1532,19_1,19,1,31150
1533,19_1,19,1,33274
1534,19_1,19,1,36122
1535,19_1,19,1,36587
1536,19_1,19,1,38406
1537,19_2,19,2,3280
1538,19_2,19,2,9831
1539,19_2,19,2,12292
1540,19_2,19,2,14114
1541,19_2,19,2,14579
1542,19_2,19,2,15044
1543,19_2,19,2,15509
1544,19_2,19,2,15974
1545,19_2,19,2,20178
1546,19_2,19,2,21577
1547,19_2,19,2,23945
1548,19_2,19,2,26218
1549,19_2,19,2,26683
1550,19_2,19,2,27148
1551,19_2,19,2,30261
1552,19_2,19,2,32272
1553,19_3,19,3,2694
1554,19_3,19,3,11838
1555,19_3,19,3,12303
1556,19_3,19,3,17378
1557,19_3,19,3,19134
1558,19_3,19,3,22348
1559,19_3,19,3,24695
1560,19_3,19,3,29780
1561,19_3,19,3,30245
1562,19_3,19,3,30710
1563,19_3,19,3,31175
1564,19_3,19,3,31640
1565,19_3,19,3,32105
1566,20_1,20,1,8368
1567,20_1,20,1,9638
1568,20_1,20,1,11591
1569,20_1,20,1,12618
1570,20_1,20,1,14820
1571,20_1,20,1,17479
1572,20_1,20,1,17944
1573,20_1,20,1,18409
1574,20_1,20,1,20441
1575,20_1,20,1,21769
1576,20_1,20,1,22234
1577,20_1,20,1,24381
1578,20_1,20,1,24846
1579,20_1,20,1,26701
1580,20_1,20,1,27166
1581,20_1,20,1,28974
1582,20_1,20,1,30431
1583,20_1,20,1,31559
1584,20_1,20,1,32024
1585,20_1,20,1,33936
1586,20_1,20,1,36675
1587,20_1,20,1,37140
1588,20_1,20,1,39252
1589,20_1,20,1,41330
1590,20_1,20,1,42616
1591,20_1,20,1,45635
1592,20_1,20,1,46888
1593,20_1,20,1,48798
1594,20_1,20,1,49263
1595,20_1,20,1,49728
1596,20_1,20,1,50193
1597,20_1,20,1,50658
1598,20_1,20,1,51123
1599,20_1,20,1,54757
1600,20_1,20,1,56035
1601,20_1,20,1,57873
1602,20_1,20,1,58338
1603,20_1,20,1,60257
1604,20_1,20,1,60722
1605,20_1,20,1,61187
1606,20_1,20,1,63236
1607,20_2,20,2,4009
1608,20_2,20,2,6356
1609,20_2,20,2,13998
1610,20_2,20,2,14463
1611,20_2,20,2,14928
1612,20_2,20,2,18692
1613,20_2,20,2,21225
1614,20_2,20,2,23019
1615,20_2,20,2,23484
1616,20_2,20,2,23949
1617,20_2,20,2,25880
1618,20_2,20,2,26345
1619,20_2,20,2,31483
1620,20_2,20,2,34017
1621,20_2,20,2,35190
1622,20_2,20,2,35655
1623,20_2,20,2,40221
1624,20_2,20,2,41900
1625,20_2,20,2,44196
1626,20_2,20,2,45317
1627,20_2,20,2,45782
1628,20_2,20,2,46247
1629,20_2,20,2,46712
1630,20_2,20,2,47177
1631,20_2,20,2,47642
1632,20_2,20,2,48107
1633,20_2,20,2,48572
1634,20_2,20,2,53442
1635,20_3,20,3,8312
1636,20_3,20,3,10640
1637,20_3,20,3,11105
1638,20_3,20,3,14691
1639,20_3,20,3,22163
1640,20_3,20,3,23691
1641,20_3,20,3,27703
1642,20_3,20,3,29429
1643,20_3,20,3,29894
1644,20_3,20,3,32820
1645,20_3,20,3,36370
1646,20_3,20,3,41178
1647,20_3,20,3,41643
1648,20_3,20,3,42108
1649,20_3,20,3,42573
1650,20_3,20,3,43038
1651,20_3,20,3,47471
1652,20_3,20,3,48814
1653,20_3,20,3,49279
1654,20_3,20,3,53364
1655,20_3,20,3,53829
1656,20_3,20,3,54294
1657,20_3,20,3,54759
1658,20_3,20,3,55224
1659,21_1,21,1,15840
1660,21_1,21,1,17636
1661,21_1,21,1,19283
1662,21_1,21,1,21034
1663,21_1,21,1,22212
1664,21_1,21,1,22677
1665,21_1,21,1,25939
1666,21_1,21,1,26404
1667,21_1,21,1,28034
1668,21_1,21,1,28499
1669,21_1,21,1,30057
1670,21_1,21,1,31281
1671,21_1,21,1,32427
1672,21_1,21,1,35271
1673,21_1,21,1,35736
1674,21_1,21,1,36201
1675,21_1,21,1,36666
1676,21_1,21,1,37131
1677,21_1,21,1,37596
1678,21_1,21,1,38061
1679,21_1,21,1,38526
1680,21_1,21,1,38991
1681,21_1,21,1,39456
1682,21_1,21,1,39921
1683,21_1,21,1,40386
1684,21_1,21,1,40851
1685,21_1,21,1,41316
1686,21_1,21,1,41781
1687,21_1,21,1,50093
1688,21_1,21,1,50558
1689,21_1,21,1,51023
1690,21_1,21,1,52966
1691,21_1,21,1,53431
1692,21_1,21,1,53896
1693,21_1,21,1,56631
1694,21_1,21,1,58014
1695,21_1,21,1,58479
1696,21_1,21,1,58944
1697,21_1,21,1,61310
1698,21_1,21,1,61775
1699,21_1,21,1,62240
1700,21_1,21,1,62705
1701,21_1,21,1,65908
1702,21_1,21,1,70173
1703,21_1,21,1,70638
1704,21_1,21,1,71103
1705,21_1,21,1,74176
1706,21_1,21,1,74641
1707,21_2,21,2,6674
1708,21_2,21,2,14388
1709,21_2,21,2,19464
1710,21_2,21,2,23706
1711,21_2,21,2,25208
1712,21_2,21,2,31430
1713,21_2,21,2,31895
1714,21_2,21,2,32360
1715,21_2,21,2,32825
1716,21_2,21,2,35524
1717,21_2,21,2,35989
1718,21_2,21,2,36454
1719,21_2,21,2,36919
1720,21_2,21,2,44034
1721,21_2,21,2,46692
1722,21_2,21,2,47157
1723,21_3,21,3,8417
1724,21_3,21,3,11714
1725,21_3,21,3,17033
1726,21_3,21,3,17498
1727,21_3,21,3,19941
1728,21_3,21,3,21137
1729,21_3,21,3,22675
1730,21_3,21,3,25397
1731,21_3,21,3,28274
1732,21_3,21,3,28739
1733,21_3,21,3,31788
1734,21_3,21,3,32253
1735,21_3,21,3,32718
1736,21_3,21,3,33183
1737,21_3,21,3,33648
1738,21_3,21,3,34113
1739,21_3,21,3,34578
1740,21_3,21,3,35043
1741,21_3,21,3,35508
1742,21_3,21,3,35973
1743,21_3,21,3,36438
1744,21_3,21,3,36903
1745,21_3,21,3,37368
1746,21_3,21,3,37833
1747,21_3,21,3,38298
1748,21_3,21,3,38763
1749,21_3,21,3,39228
1750,21_3,21,3,39693
1751,22_1,22,1,3668
1752,22_1,22,1,4744
1753,22_1,22,1,9601
1754,22_1,22,1,13002
1755,22_1,22,1,13955
1756,22_1,22,1,14953
1757,22_1,22,1,16077
1758,22_1,22,1,19632
1759,22_1,22,1,20097
1760,22_1,22,1,20562
1761,22_1,22,1,23341
1762,22_1,22,1,25287
1763,22_1,22,1,27648
1764,22_1,22,1,28591
1765,22_1,22,1,30046
1766,22_1,22,1,31463
1767,22_1,22,1,32445
1768,22_1,22,1,32910
1769,22_1,22,1,34369
1770,22_1,22,1,35730
1771,22_1,22,1,36195
1772,22_1,22,1,36660
1773,22_1,22,1,37125
1774,22_1,22,1,40183
1775,22_1,22,1,41499
1776,22_1,22,1,42657
1777,22_1,22,1,44454
1778,22_1,22,1,47587
1779,22_1,22,1,49654
1780,22_1,22,1,51705
1781,22_1,22,1,52814
1782,22_1,22,1,53279
1783,22_1,22,1,54807
1784,22_1,22,1,55272
1785,22_1,22,1,55737
1786,22_1,22,1,56202
1787,22_1,22,1,56667
1788,22_1,22,1,57132
1789,22_1,22,1,60395
1790,22_1,22,1,60860
1791,22_1,22,1,62707
1792,22_1,22,1,63172
1793,22_1,22,1,64948
1794,22_1,22,1,66376
1795,22_1,22,1,66841
1796,22_1,22,1,68769
1797,22_1,22,1,69234
1798,22_1,22,1,72106
1799,22_2,22,2,958
1800,22_2,22,2,2828
1801,22_2,22,2,7311
1802,22_2,22,2,8916
1803,22_2,22,2,10258
1804,22_2,22,2,11536
1805,22_2,22,2,12001
1806,22_2,22,2,16317
1807,22_2,22,2,17640
1808,22_2,22,2,19398
1809,22_2,22,2,19863
1810,22_2,22,2,20328
1811,22_2,22,2,20793
1812,22_2,22,2,21258
1813,22_2,22,2,21723
1814,22_2,22,2,25015
1815,22_2,22,2,26322
1816,22_2,22,2,26787
1817,22_2,22,2,27252
1818,22_2,22,2,30060
1819,22_2,22,2,32458
1820,22_2,22,2,32923
1821,22_2,22,2,33388
1822,22_2,22,2,33853
1823,22_2,22,2,34318
1824,22_2,22,2,34783
1825,22_2,22,2,35248
1826,22_2,22,2,35713
1827,22_2,22,2,36178
1828,22_2,22,2,41369
1829,22_2,22,2,42314
1830,22_3,22,3,903
1831,22_3,22,3,3590
1832,22_3,22,3,5361
1833,22_3,22,3,11926
1834,22_3,22,3,16714
1835,22_3,22,3,19666
1836,22_3,22,3,20131
1837,22_3,22,3,22262
1838,22_3,22,3,23525
1839,22_3,22,3,24835
1840,22_3,22,3,26013
1841,22_3,22,3,27690
1842,22_3,22,3,29550
1843,22_3,22,3,30015
1844,22_3,22,3,31474
1845,22_3,22,3,34250
1846,22_3,22,3,35774
1847,22_3,22,3,37295
1848,22_3,22,3,41507
1849,22_3,22,3,45776
1850,22_3,22,3,47878
1851,22_3,22,3,48933
1852,22_3,22,3,50533
1853,22_3,22,3,50998
1854,22_3,22,3,54131
1855,22_3,22,3,57109
1856,22_3,22,3,59616
1857,22_3,22,3,61117
1858,22_3,22,3,64392
1859,23_1,23,1,3659
1860,23_1,23,1,6869
1861,23_1,23,1,17790
1862,23_1,23,1,18255
1863,23_1,23,1,24175
1864,23_1,23,1,27757
1865,23_1,23,1,31118
1866,23_2,23,2,1321
1867,23_2,23,2,3324
1868,23_2,23,2,3789
1869,23_2,23,2,7886
1870,23_2,23,2,8351
1871,23_2,23,2,8816
1872,23_2,23,2,11064
1873,23_2,23,2,11529
1874,23_2,23,2,11994
1875,23_2,23,2,12459
1876,23_2,23,2,12924
1877,23_2,23,2,13389
1878,23_2,23,2,13854
1879,23_2,23,2,14319
1880,23_2,23,2,19033
1881,23_2,23,2,22237
1882,23_2,23,2,22702
1883,23_2,23,2,25006
1884,23_2,23,2,25471
1885,23_2,23,2,25936
1886,23_2,23,2,30595
1887,23_3,23,3,4595
1888,23_3,23,3,5060
1889,23_3,23,3,8473
1890,23_3,23,3,8938
1891,23_3,23,3,12613
1892,23_3,23,3,14980
1893,23_3,23,3,15445
1894,23_3,23,3,20411
1895,23_3,23,3,20876
1896,23_3,23,3,23450
1897,23_3,23,3,23915
1898,24_1,24,1,3040
1899,24_1,24,1,7238
1900,24_1,24,1,9814
1901,24_1,24,1,11348
1902,24_1,24,1,13293
1903,24_1,24,1,13758
1904,24_1,24,1,14223
1905,24_1,24,1,22045
1906,24_1,24,1,22510
1907,24_1,24,1,22975
1908,24_1,24,1,23440
1909,24_1,24,1,23905
1910,24_2,24,2,16096
1911,24_2,24,2,16561
1912,24_2,24,2,20689
1913,24_2,24,2,22513
1914,24_2,24,2,26424
1915,24_2,24,2,27834
1916,24_2,24,2,28299
1917,24_2,24,2,30739
1918,24_2,24,2,32130
1919,24_2,24,2,32595
1920,24_2,24,2,33060
1921,24_2,24,2,35154
1922,24_2,24,2,35619
1923,24_2,24,2,36084
1924,24_2,24,2,36549
1925,24_3,24,3,3954
1926,24_3,24,3,5847
1927,24_3,24,3,8361
1928,24_3,24,3,12003
1929,24_3,24,3,14711
1930,24_3,24,3,16010
1931,24_3,24,3,16475
1932,24_3,24,3,16940
1933,24_3,24,3,17405
1934,24_3,24,3,21141
1935,24_3,24,3,23711
1936,24_3,24,3,24876
1937,24_3,24,3,25926
1938,24_3,24,3,27225
1939,24_3,24,3,28828
1940,24_3,24,3,29793
1941,24_3,24,3,31481
1942,24_3,24,3,33164
1943,24_3,24,3,34354
1944,24_3,24,3,35637
1945,24_3,24,3,37369
1946,24_3,24,3,38586
1947,24_3,24,3,40240
1948,25_1,25,1,3053
1949,25_1,25,1,4829
1950,25_1,25,1,5294
1951,25_1,25,1,5759
1952,25_1,25,1,8053
1953,25_1,25,1,8518
1954,25_1,25,1,12689
1955,25_1,25,1,13826
1956,25_1,25,1,14291
1957,25_1,25,1,17541
1958,25_1,25,1,20801
1959,25_1,25,1,22991
1960,25_1,25,1,26178
1961,25_1,25,1,30968
1962,25_1,25,1,31433
1963,25_1,25,1,31898
1964,25_1,25,1,35626
1965,25_1,25,1,37825
1966,25_1,25,1,40250
1967,25_1,25,1,42522
1968,25_1,25,1,44285
1969,25_1,25,1,44750
1970,25_1,25,1,45215
1971,25_1,25,1,47157
1972,25_1,25,1,48588
1973,25_1,25,1,49053
1974,25_1,25,1,50963
1975,25_1,25,1,52536
1976,25_1,25,1,53001
1977,25_1,25,1,53466
1978,25_1,25,1,53931
1979,25_1,25,1,56497
1980,25_2,25,2,9640
1981,25_2,25,2,11839
1982,25_2,25,2,15411
1983,25_2,25,2,17432
1984,25_2,25,2,17897
1985,25_2,25,2,25558
1986,25_2,25,2,27033
1987,25_2,25,2,28621
1988,25_2,25,2,32298
1989,25_2,25,2,33529
1990,25_2,25,2,35058
1991,25_2,25,2,35523
1992,25_2,25,2,35988
1993,25_2,25,2,36453
1994,25_2,25,2,36918
1995,25_2,25,2,37383
1996,25_2,25,2,42717
1997,25_3,25,3,1946
1998,25_3,25,3,3276
1999,25_3,25,3,4891
2000,25_3,25,3,8372
2001,25_3,25,3,9327
2002,25_3,25,3,10607
2003,25_3,25,3,11072
2004,25_3,25,3,11537
2005,25_3,25,3,16668
2006,25_3,25,3,19047
2007,25_3,25,3,21291
2008,25_3,25,3,21756
2009,25_3,25,3,22221
2010,25_3,25,3,22686
2011,25_3,25,3,27000
2012,25_3,25,3,27465
2013,25_3,25,3,27930
2014,25_3,25,3,28395
2015,25_3,25,3,28860
2016,25_3,25,3,29325
2017,25_3,25,3,29790
2018,25_3,25,3,30255
2019,25_3,25,3,30720
2020,25_3,25,3,31185
2021,25_3,25,3,31650
2022,25_3,25,3,32115
2023,25_3,25,3,41958
2024,25_3,25,3,44072
2025,25_3,25,3,44537
2026,25_3,25,3,48124
2027,26_1,26,1,1336
2028,26_1,26,1,4599
2029,26_1,26,1,11768
2030,26_1,26,1,14080
2031,26_1,26,1,14545
2032,26_1,26,1,15010
2033,26_1,26,1,15475
2034,26_1,26,1,15940
2035,26_1,26,1,16405
2036,26_1,26,1,16870
2037,26_1,26,1,17335
2038,26_1,26,1,17800
2039,26_1,26,1,18265
2040,26_1,26,1,25394
2041,26_1,26,1,27190
2042,26_1,26,1,28291
2043,26_1,26,1,30841
2044,26_1,26,1,31306
2045,26_1,26,1,34394
2046,26_1,26,1,36228
2047,26_1,26,1,37178
2048,26_1,26,1,38141
2049,26_1,26,1,40460
2050,26_1,26,1,41936
2051,26_1,26,1,44555
2052,26_1,26,1,45020
2053,26_1,26,1,46639
2054,26_1,26,1,48205
2055,26_1,26,1,51528
2056,26_1,26,1,54182
2057,26_1,26,1,54647
2058,26_1,26,1,57330
2059,26_1,26,1,59273
2060,26_2,26,2,1442
2061,26_2,26,2,3104
2062,26_2,26,2,8529
2063,26_2,26,2,8994
2064,26_2,26,2,14084
2065,26_2,26,2,17243
2066,26_2,26,2,17708
2067,26_2,26,2,19320
2068,26_2,26,2,19785
2069,26_2,26,2,22443
2070,26_2,26,2,23511
2071,26_2,26,2,23976
2072,26_2,26,2,24441
2073,26_2,26,2,24906
2074,26_2,26,2,25371
2075,26_2,26,2,25836
2076,26_2,26,2,26301
2077,26_2,26,2,26766
2078,26_2,26,2,27231
2079,26_2,26,2,27696
2080,26_2,26,2,34595
2081,26_2,26,2,35060
2082,26_2,26,2,37268
2083,26_2,26,2,38409
2084,26_2,26,2,38874
2085,26_2,26,2,39339
2086,26_2,26,2,39804
2087,26_2,26,2,43755
2088,26_2,26,2,44220
2089,26_2,26,2,45955
2090,26_2,26,2,46420
2091,26_2,26,2,46885
2092,26_2,26,2,49526
2093,26_2,26,2,49991
2094,26_3,26,3,1604
2095,26_3,26,3,2069
2096,26_3,26,3,2534
2097,26_3,26,3,2999
2098,26_3,26,3,9722
2099,26_3,26,3,12502
2100,26_3,26,3,13991
2101,26_3,26,3,15356
2102,26_3,26,3,16543
2103,26_3,26,3,17008
2104,26_3,26,3,18618
2105,26_3,26,3,19083
2106,26_3,26,3,19548
2107,26_3,26,3,20013
2108,26_3,26,3,20478
2109,26_3,26,3,20943
2110,26_3,26,3,26041
2111,26_3,26,3,27692
2112,26_3,26,3,28157
2113,26_3,26,3,30897
2114,26_3,26,3,34543
2115,26_3,26,3,38601
2116,26_3,26,3,40790
2117,26_3,26,3,41255
2118,26_3,26,3,41720
2119,26_3,26,3,42185
2120,26_3,26,3,42650
2121,26_3,26,3,43115
2122,26_3,26,3,43580
2123,26_3,26,3,44045
2124,26_3,26,3,44510
2125,26_3,26,3,44975
2126,26_3,26,3,45440
2127,26_3,26,3,45905
2128,26_3,26,3,46370
2129,26_3,26,3,46835
2130,26_3,26,3,47300
2131,26_3,26,3,47765
2132,26_3,26,3,48230
2133,27_1,27,1,7218
2134,27_1,27,1,9575
2135,27_1,27,1,14316
2136,27_1,27,1,14781
2137,27_1,27,1,18705
2138,27_1,27,1,20074
2139,27_1,27,1,22367
2140,27_1,27,1,22832
2141,27_1,27,1,24919
2142,27_1,27,1,26480
2143,27_1,27,1,26945
2144,27_1,27,1,27410
2145,27_1,27,1,27875
2146,27_1,27,1,28340
2147,27_1,27,1,28805
2148,27_1,27,1,29270
2149,27_1,27,1,29735
2150,27_1,27,1,30200
2151,27_1,27,1,35563
2152,27_1,27,1,36028
2153,27_1,27,1,36493
2154,27_1,27,1,38687
2155,27_1,27,1,39152
2156,27_1,27,1,39617
2157,27_1,27,1,40082
2158,27_1,27,1,40547
2159,27_1,27,1,45705
2160,27_1,27,1,46170
2161,27_1,27,1,46635
2162,27_1,27,1,47100
2163,27_2,27,2,1596
2164,27_2,27,2,2800
2165,27_2,27,2,14994
2166,27_2,27,2,17017
2167,27_2,27,2,20539
2168,27_2,27,2,23874
2169,27_2,27,2,24339
2170,27_2,27,2,28287
2171,27_2,27,2,28752
2172,27_2,27,2,29217
2173,27_2,27,2,29682
2174,27_2,27,2,30147
2175,27_2,27,2,30612
2176,27_2,27,2,31077
2177,27_2,27,2,34840
2178,27_2,27,2,35305
2179,27_2,27,2,37594
2180,27_2,27,2,39778
2181,27_2,27,2,42005
2182,27_3,27,3,8304
2183,27_3,27,3,12267
2184,27_3,27,3,19080
2185,27_3,27,3,21911
2186,27_3,27,3,22376
2187,27_3,27,3,22841
2188,27_3,27,3,23306
2189,27_3,27,3,23771
2190,27_3,27,3,27697
2191,27_3,27,3,29067
2192,27_3,27,3,30307
2193,27_3,27,3,32079
2194,27_3,27,3,32544
2195,27_3,27,3,33009
2196,27_3,27,3,35005
2197,27_3,27,3,36272
2198,27_3,27,3,37504
2199,27_3,27,3,40421
2200,27_3,27,3,42113
2201,27_3,27,3,42578
2202,27_3,27,3,44396
2203,27_3,27,3,46792
2204,27_3,27,3,48675
2205,27_3,27,3,50156
2206,27_3,27,3,52833
2207,27_3,27,3,53298
2208,27_3,27,3,55777
2209,27_3,27,3,56242
2210,27_3,27,3,56707
2211,28_1,28,1,6553
2212,28_1,28,1,10229
2213,28_1,28,1,14839
2214,28_1,28,1,18644
2215,28_1,28,1,19109
2216,28_1,28,1,23810
2217,28_1,28,1,25193
2218,28_1,28,1,26903
2219,28_1,28,1,27368
2220,28_1,28,1,31875
2221,28_1,28,1,33261
2222,28_1,28,1,39605
2223,28_1,28,1,42065
2224,28_1,28,1,46440
2225,28_1,28,1,49971
2226,28_1,28,1,50436
2227,28_1,28,1,50901
2228,28_1,28,1,55116
2229,28_1,28,1,60033
2230,28_1,28,1,61630
2231,28_1,28,1,62095
2232,28_1,28,1,62560
2233,28_1,28,1,63025
2234,28_1,28,1,63490
2235,28_1,28,1,67397
2236,28_1,28,1,71717
2237,28_2,28,2,7818
2238,28_2,28,2,13172
2239,28_2,28,2,20547
2240,28_2,28,2,22213
2241,28_2,28,2,26131
2242,28_2,28,2,27131
2243,28_2,28,2,28840
2244,28_2,28,2,30505
2245,28_2,28,2,32105
2246,28_2,28,2,46472
2247,28_2,28,2,46937
2248,28_2,28,2,47402
2249,28_2,28,2,53124
2250,28_2,28,2,53589
2251,28_2,28,2,56586
2252,28_2,28,2,58101
2253,28_2,28,2,60022
2254,28_2,28,2,60487
2255,28_2,28,2,63320
2256,28_2,28,2,63785
2257,28_2,28,2,64250
2258,28_2,28,2,64715
2259,28_2,28,2,65180
2260,28_2,28,2,65645
2261,28_2,28,2,70009
2262,28_2,28,2,70474
2263,28_3,28,3,4666
2264,28_3,28,3,7373
2265,28_3,28,3,8917
2266,28_3,28,3,9382
2267,28_3,28,3,11668
2268,28_3,28,3,13196
2269,28_3,28,3,14170
2270,28_3,28,3,14635
2271,28_3,28,3,16799
2272,28_3,28,3,23711
2273,28_3,28,3,24176
2274,28_3,28,3,24641
2275,28_3,28,3,25106
2276,28_3,28,3,25571
2277,28_3,28,3,26036
2278,28_3,28,3,26501
2279,28_3,28,3,26966
2280,28_3,28,3,27431
2281,28_3,28,3,27896
2282,28_3,28,3,28361
2283,28_3,28,3,28826
2284,28_3,28,3,36364
2285,28_3,28,3,37311
2286,28_3,28,3,38317
2287,28_3,28,3,41262
2288,28_3,28,3,42298
2289,28_3,28,3,44092
2290,28_3,28,3,46058
2291,29_1,29,1,2765
2292,29_1,29,1,3230
2293,29_1,29,1,3695
2294,29_1,29,1,4160
2295,29_1,29,1,4625
2296,29_1,29,1,5090
2297,29_1,29,1,5555
2298,29_1,29,1,6020
2299,29_1,29,1,10745
2300,29_1,29,1,11210
2301,29_1,29,1,13815
2302,29_1,29,1,22154
2303,29_1,29,1,22619
2304,29_1,29,1,24798
2305,29_1,29,1,27566
2306,29_1,29,1,28031
2307,29_1,29,1,30863
2308,29_1,29,1,31328
2309,29_1,29,1,31793
2310,29_1,29,1,32258
2311,29_1,29,1,37039
2312,29_1,29,1,38145
2313,29_1,29,1,39567
2314,29_1,29,1,42305
2315,29_1,29,1,44422
2316,29_1,29,1,44887
2317,29_1,29,1,45352
2318,29_1,29,1,48104
2319,29_1,29,1,48569
2320,29_1,29,1,50857
2321,29_1,29,1,52264
2322,29_1,29,1,52729
2323,29_1,29,1,55044
2324,29_1,29,1,58863
2325,29_1,29,1,60178
2326,29_1,29,1,61580
2327,29_1,29,1,62045
2328,29_1,29,1,63607
2329,29_1,29,1,65563
2330,29_1,29,1,66028
2331,29_1,29,1,68297
2332,29_1,29,1,70217
2333,29_1,29,1,70682
2334,29_1,29,1,71147
2335,29_1,29,1,74116
2336,29_1,29,1,75656
2337,29_1,29,1,76869
2338,29_1,29,1,78878
2339,29_1,29,1,79343
2340,29_1,29,1,79808
2341,29_1,29,1,84270
2342,29_2,29,2,9255
2343,29_2,29,2,30175
2344,29_2,29,2,31211
2345,29_2,29,2,33065
2346,29_2,29,2,33530
2347,29_2,29,2,33995
2348,29_2,29,2,34460
2349,29_2,29,2,34925
2350,29_2,29,2,38401
2351,29_2,29,2,39373
2352,29_2,29,2,39838
2353,29_2,29,2,41464
2354,29_2,29,2,41929
2355,29_2,29,2,42394
2356,29_2,29,2,42859
2357,29_2,29,2,43324
2358,29_2,29,2,47435
2359,29_2,29,2,47900
2360,29_2,29,2,48365
2361,29_2,29,2,51910
2362,29_2,29,2,56425
2363,29_2,29,2,57547
2364,29_2,29,2,58012
2365,29_2,29,2,59852
2366,29_2,29,2,60317
2367,29_2,29,2,60782
2368,29_2,29,2,61247
2369,29_2,29,2,65036
2370,29_2,29,2,65501
2371,29_2,29,2,65966
2372,29_2,29,2,66431
2373,29_2,29,2,66896
2374,29_2,29,2,70555
2375,29_2,29,2,71020
2376,29_2,29,2,71485
2377,29_2,29,2,71950
2378,29_2,29,2,72415
2379,29_2,29,2,72880
2380,29_2,29,2,73345
2381,29_2,29,2,73810
2382,29_2,29,2,74275
2383,29_2,29,2,74740
2384,29_2,29,2,80157
2385,29_3,29,3,7904
2386,29_3,29,3,11596
2387,29_3,29,3,19124
2388,29_3,29,3,23569
2389,29_3,29,3,25193
2390,29_3,29,3,26136
2391,29_3,29,3,27361
2392,29_3,29,3,31100
2393,29_3,29,3,32574
2394,29_3,29,3,34689
2395,29_3,29,3,35154
2396,29_3,29,3,35619
2397,29_3,29,3,36084
2398,29_3,29,3,38920
2399,29_3,29,3,40465
2400,29_3,29,3,40930
2401,29_3,29,3,43076
2402,29_3,29,3,43541
2403,29_3,29,3,45640
2404,29_3,29,3,46105
2405,29_3,29,3,47513
2406,29_3,29,3,49037
2407,29_3,29,3,49502
2408,29_3,29,3,51536
2409,29_3,29,3,53562
2410,29_3,29,3,55020
2411,29_3,29,3,56383
2412,29_3,29,3,56848
2413,29_3,29,3,57313
2414,29_3,29,3,57778
2415,29_3,29,3,58243
2416,29_3,29,3,58708
2417,29_3,29,3,59173
2418,30_1,30,1,4359
2419,30_1,30,1,6588
2420,30_1,30,1,8725
2421,30_1,30,1,9190
2422,30_1,30,1,10983
2423,30_1,30,1,12500
2424,30_1,30,1,13506
2425,30_1,30,1,15362
2426,30_1,30,1,17047
2427,30_1,30,1,19651
2428,30_1,30,1,25264
2429,30_1,30,1,27268
2430,30_2,30,2,3034
2431,30_2,30,2,5538
2432,30_2,30,2,6003
2433,30_2,30,2,8226
2434,30_2,30,2,9581
2435,30_2,30,2,11602
2436,30_2,30,2,12067
2437,30_2,30,2,16340
2438,30_2,30,2,18030
2439,30_2,30,2,18495
2440,30_2,30,2,18960
2441,30_2,30,2,19425
2442,30_2,30,2,19890
2443,30_2,30,2,23176
2444,30_2,30,2,25043
2445,30_2,30,2,25508
2446,30_2,30,2,25973
2447,30_2,30,2,26438
2448,30_2,30,2,29452
2449,30_2,30,2,29917
2450,30_2,30,2,30382
2451,30_2,30,2,34062
2452,30_2,30,2,34527
2453,30_2,30,2,36708
2454,30_2,30,2,37864
2455,30_2,30,2,39061
2456,30_2,30,2,43056
2457,30_2,30,2,43999
2458,30_3,30,3,4389
2459,30_3,30,3,4854
2460,30_3,30,3,5319
2461,30_3,30,3,9247
2462,30_3,30,3,12232
2463,30_3,30,3,12697
2464,30_3,30,3,14655
2465,30_3,30,3,15120
2466,30_3,30,3,17232
2467,30_3,30,3,18801
2468,30_3,30,3,23046
2469,30_3,30,3,23511
2470,30_3,30,3,23976
2471,30_3,30,3,25968
2472,30_3,30,3,27872
2473,30_3,30,3,28805
2474,30_3,30,3,30173
2475,30_3,30,3,31763
2476,30_3,30,3,33431
2477,30_3,30,3,35790
2478,30_3,30,3,37544
2479,30_3,30,3,38815
2480,30_3,30,3,39280
2481,30_3,30,3,39745
2482,30_3,30,3,40210
2483,30_3,30,3,44329
2484,30_3,30,3,47266
2485,30_3,30,3,48263
